{
  "name": "effective-shell",
  "version": "0.45.0",
  "private": false,
  "scripts": {
    "docusaurus": "docusaurus",
    "start": "docusaurus start --port 3328",
    "build": "docusaurus build",
    "swizzle": "docusaurus swizzle",
    "deploy": "docusaurus deploy",
    "clear": "docusaurus clear",
    "serve": "docusaurus serve",
    "write-translations": "docusaurus write-translations",
    "write-heading-ids": "docusaurus write-heading-ids",
    "ts:check": "tsc --resolveJsonModule"
  },
  "dependencies": {
    "@docusaurus/core": "2.2.0",
    "@docusaurus/module-type-aliases": "2.2.0",
    "@docusaurus/preset-classic": "2.2.0",
    "@docusaurus/theme-live-codeblock": "2.2.0",
    "@easyops-cn/docusaurus-search-local": "^0.23.1",
    "@mdx-js/react": "^1.6.21",
    "@tsconfig/docusaurus": "^1.0.6",
    "@types/node": "^17.0.25",
    "@types/react": "^17.0.44",
    "asciinema-player": "^3.0.0-rc.1",
    "caniuse-lite": "^1.0.30001610",
    "clsx": "^1.1.1",
    "docusaurus-plugin-drawio": "^0.1.7",
    "eslint": "^9.0.0",
    "prism-react-renderer": "^1.2.1",
    "react": "^17.0.1",
    "react-dom": "^17.0.1",
    "typescript": "^4.6.3"
  },
  "browserslist": {
    "production": [
      ">0.5%",
      "not dead",
      "not op_mini all"
    ],
    "development": [
      "last 1 chrome version",
      "last 1 firefox version",
      "last 1 safari version"
    ]
  },
  "devDependencies": {
    "eslint-plugin-react": "^7.34.1"
  }
}
