{
  "name": "effective-shell",
  "version": "0.21.0",
  "private": false,
  "scripts": {
    "docusaurus": "docusaurus",
    "start": "docusaurus start",
    "build": "docusaurus build",
    "swizzle": "docusaurus swizzle",
    "deploy": "docusaurus deploy",
    "clear": "docusaurus clear",
    "serve": "docusaurus serve",
    "write-translations": "docusaurus write-translations",
    "write-heading-ids": "docusaurus write-heading-ids"
  },
  "dependencies": {
    "@cmfcmf/docusaurus-search-local": "^0.10.0",
    "@docusaurus/core": "2.0.0-beta.15",
    "@docusaurus/preset-classic": "2.0.0-beta.15",
    "@mdx-js/react": "^1.6.21",
    "clsx": "^1.1.1",
    "prism-react-renderer": "^1.2.1",
    "react": "^17.0.1",
    "react-dom": "^17.0.1",
    "react-mailchimp-email-signup-form": "^2.0.2"
  },
  "browserslist": {
    "production": [
      ">0.5%",
      "not dead",
      "not op_mini all"
    ],
    "development": [
      "last 1 chrome version",
      "last 1 firefox version",
      "last 1 safari version"
    ]
  }
}
