{
  "name": "effective-shell",
  "version": "0.24.3",
  "private": false,
  "scripts": {
    "docusaurus": "docusaurus",
    "start": "docusaurus start",
    "build": "docusaurus build",
    "swizzle": "docusaurus swizzle",
    "deploy": "docusaurus deploy",
    "clear": "docusaurus clear",
    "serve": "docusaurus serve",
    "write-translations": "docusaurus write-translations",
    "write-heading-ids": "docusaurus write-heading-ids",
    "ts:check": "tsc --resolveJsonModule"
  },
  "dependencies": {
    "@cmfcmf/docusaurus-search-local": "^0.10.0",
    "@docusaurus/core": "2.0.0-beta.18",
    "@docusaurus/module-type-aliases": "^2.0.0-beta.18",
    "@docusaurus/preset-classic": "2.0.0-beta.18",
    "@mdx-js/react": "^1.6.21",
    "@tsconfig/docusaurus": "^1.0.5",
    "@types/react": "^17.0.43",
    "asciinema-player": "^3.0.0-rc.1",
    "clsx": "^1.1.1",
    "docusaurus-plugin-drawio": "^0.1.7",
    "prism-react-renderer": "^1.2.1",
    "react": "^17.0.1",
    "react-dom": "^17.0.1",
    "react-mailchimp-email-signup-form": "^2.0.2",
    "typescript": "^4.6.3"
  },
  "browserslist": {
    "production": [
      ">0.5%",
      "not dead",
      "not op_mini all"
    ],
    "development": [
      "last 1 chrome version",
      "last 1 firefox version",
      "last 1 safari version"
    ]
  }
}
